"Qty","Reference","Value","Footprint"
"4","C1,C3,C5,C9","0.1","Capacitor_SMD:C_0805_2012Metric"
"3","C2,C4,C6","10UF","Capacitor_Tantalum_SMD:CP_EIA-2012-12_Kemet-R"
"2","C7,C8","1UF","Capacitor_SMD:C_0805_2012Metric"
"1","D1","LED","LED_THT:LED_D4.0mm"
"1","J1","~","Connector_DIN:DIN41612_C_3x32_Female_Vertical_THT"
"1","J2","Barrel_Jack_Switch","Connector_BarrelJack:BarrelJack_CUI_PJ-102AH_Horizontal"
"1","J3","USB_A","Connector_USB:USB_A_Molex_67643_Horizontal"
"1","J4","AUDOUT","Connector_Coaxial:BNC_Amphenol_B6252HB-NPP3G-50_Horizontal"
"1","J5","AudioJack3","Wills:CUI-SJ1-3523N"
"1","J6","SIGGEN","Connector_Coaxial:BNC_Amphenol_B6252HB-NPP3G-50_Horizontal"
"1","J7","RJ45","Wills:RJ45_FCI"
"1","P1","CURRENT_SENSE","Connector_PinHeader_2.54mm:PinHeader_1x02_P2.54mm_Vertical"
"1","P2","RX_SOURCE","Connector_PinHeader_2.54mm:PinHeader_1x03_P2.54mm_Vertical"
"2","P3,P4","Conn_01x08","Connector_PinHeader_2.54mm:PinHeader_1x08_P2.54mm_Vertical"
"1","P5","SPI_SPY","Connector_PinHeader_2.54mm:PinHeader_1x10_P2.54mm_Vertical"
"1","R1","698","Resistor_SMD:R_0805_2012Metric"
"4","R2,R9,R10,R14","1.00K","Resistor_SMD:R_0805_2012Metric"
"1","R3","R_Small","Resistor_SMD:R_0805_2012Metric"
"12","R4,R6,R11,R12,R13,R19,R20,R21,R22,R23,R24,R25","10K","Resistor_SMD:R_0805_2012Metric"
"2","R5,R8","600","Resistor_SMD:R_0805_2012Metric"
"1","R7","27.4K","Resistor_SMD:R_0805_2012Metric"
"1","R15","2.32K","Resistor_SMD:R_0805_2012Metric"
"1","R16","1.21K","Resistor_SMD:R_0805_2012Metric"
"1","R17","332","Resistor_SMD:R_0805_2012Metric"
"1","R18","110","Resistor_SMD:R_0805_2012Metric"
"1","SW1","PTT","Wills:SW_PB4P"
"1","SW2","-60dBm","Wills:SW_PB4P"
"1","SW3","-100dBm","Wills:SW_PB4P"
"1","SW4","-120dBm","Wills:SW_PB4P"
"1","SW5","RESET","Wills:SW_PB4P"
"1","U1","DC-DC_1","Wills:DC-DC_1"
"1","U2","LD1117S33CTR","Package_TO_SOT_SMD:SOT-223"
"1","U3","LMV358","Package_SO:SO-8_3.9x4.9mm_P1.27mm"
