"Reference","Value","Footprint","Qty"
"BT1","Battery_Cell","Battery:Battery_Panasonic_CR2032-HFN_Horizontal_CircularHoles","1"
"C1,C6,C7,C8,C9,C10,C11,C12,C13,C16,C18,C21,C22,C23,C24,C35,C36,C38,C39,C40,C41,C44,C45,C46,C47,C48,C50,C51,C52,C54,C56,C59,C61,C62,C63,C65,C67,C69","0.1","Capacitor_SMD:C_0805_2012Metric","38"
"C2,C5,C49,C57","10UF","-- mixed values --","4"
"C3,C4,C20","2.2UF","Capacitor_SMD:C_0805_2012Metric","3"
"C14,C15","3.9PF","Capacitor_SMD:C_0805_2012Metric","2"
"C17,C19,C53,C55,C58,C60","22UF","Capacitor_Tantalum_SMD:CP_EIA-1608-08_AVX-J","6"
"C25,C26,C30,C31","51NF","Capacitor_SMD:C_0805_2012Metric","4"
"C27,C32,C37","1UF","Capacitor_SMD:C_0805_2012Metric","3"
"C28,C29,C33,C34","5.1NF","Capacitor_SMD:C_0805_2012Metric","4"
"C42,C43","47PF","Capacitor_SMD:C_0805_2012Metric","2"
"C64,C66","47NF","Capacitor_SMD:C_0805_2012Metric","2"
"C68","100NF","Capacitor_SMD:C_0805_2012Metric","1"
"CR1,CR2","BAV99-2","Package_TO_SOT_SMD:SOT-23","2"
"D1,D2","GREEN","LED_SMD:LED_1206_3216Metric","2"
"D3","RED","LED_SMD:LED_1206_3216Metric","1"
"D4","LED_R+G","Package_TO_SOT_SMD:SOT-23-3","1"
"D5,D6","YELLOW","LED_SMD:LED_1206_3216Metric","2"
"E1,E2,E3,E4","FBONLDSM","Inductor_SMD:L_0805_2012Metric","4"
"FB1,FB2","600 OHM","Inductor_SMD:L_0805_2012Metric","2"
"J1","STDC14","Wills:STDC14","1"
"J2","PULSE_JXD0-008NL","Wills:PULSE_JXD0-008NL","1"
"J3","REPEATER FEMALE","Wills:DB9_RTANGLE-ASSMAN_FEMALE","1"
"J4","USB_B_Mini","Wills:HRS_USB_B_MINI_UX60SC-MB-5S8","1"
"J5","Conn_SMA","Connector_Coaxial:SMA_Amphenol_901-143_Horizontal","1"
"J6","PROG","Connector_PinHeader_2.54mm:PinHeader_1x03_P2.54mm_Vertical","1"
"J7","PWR_TEST","Connector_PinHeader_2.54mm:PinHeader_1x06_P2.54mm_Vertical","1"
"J8","EXT_10MHz","Connector_Coaxial:SMA_Molex_73251-1153_EdgeMount_Horizontal","1"
"J9","~","Connector_DIN:DIN41612_C_3x32_Male_Horizontal_THT","1"
"L1,L4,L5","600OHM","Inductor_SMD:L_0805_2012Metric","3"
"L2,L3","5.6UH","Inductor_SMD:L_Bourns_SRP5030T","2"
"P1,P2,P3,P4","Conn_01x02","Connector_PinHeader_2.54mm:PinHeader_1x02_P2.54mm_Vertical","4"
"P5","RT_STATUS","Connector_PinHeader_2.54mm:PinHeader_1x06_P2.54mm_Vertical","1"
"P6","TXAUDIO","Connector_PinHeader_2.54mm:PinHeader_1x02_P2.54mm_Vertical","1"
"P7","RXAUDIO","Connector_PinHeader_2.54mm:PinHeader_1x02_P2.54mm_Vertical","1"
"Q1","2N3904_TO92","Package_TO_SOT_THT:TO-92","1"
"R1,R2,R19,R26,R39,R45,R49,R53","10K","Resistor_SMD:R_0805_2012Metric","8"
"R3,R4,R24,R30,R40","1K","Resistor_SMD:R_0805_2012Metric","5"
"R5,R6","220","Resistor_SMD:R_0805_2012Metric","2"
"R7","6.49K","Resistor_SMD:R_0805_2012Metric","1"
"R8,R25","2.00K","Resistor_SMD:R_0805_2012Metric","2"
"R9","604","Resistor_SMD:R_0805_2012Metric","1"
"R10,R15","1.74K","Resistor_SMD:R_0805_2012Metric","2"
"R11,R16,R44","6.19K","Resistor_SMD:R_0805_2012Metric","3"
"R12,R17","576","Resistor_SMD:R_0805_2012Metric","2"
"R13,R18","18.7K","Resistor_SMD:R_0805_2012Metric","2"
"R14,R20,R23,R28,R46","1.00K","Resistor_SMD:R_0805_2012Metric","5"
"R21","499","Resistor_SMD:R_0805_2012Metric","1"
"R22","332","Resistor_SMD:R_0805_2012Metric","1"
"R27,R29,R31,R33,R34","330","Resistor_SMD:R_0805_2012Metric","5"
"R32","750","Resistor_SMD:R_0805_2012Metric","1"
"R35,R36","3.3K","Resistor_SMD:R_0805_2012Metric","2"
"R37,R38","27","Resistor_SMD:R_0805_2012Metric","2"
"R41,R42","10.0K","Resistor_SMD:R_0805_2012Metric","2"
"R43,R52,R55,R56,R57","NS","Resistor_SMD:R_0805_2012Metric","5"
"R47","470","Resistor_SMD:R_0805_2012Metric","1"
"R48","50","Resistor_SMD:R_0805_2012Metric","1"
"R50,R51","100","Resistor_SMD:R_0805_2012Metric","2"
"R54","0","Resistor_SMD:R_0805_2012Metric","1"
"SW1","RESET","Wills:SW_PB4P","1"
"U1","STM32H750VBT6","Package_QFP:LQFP-100_14x14mm_P0.5mm","1"
"U2","KSZ8081MLX","Package_QFP:LQFP-48_7x7mm_P0.5mm","1"
"U3,U4","LMV324","Package_SO:SOIC-14_3.9x8.7mm_P1.27mm","2"
"U5","QSPI_FLASH","Package_SO:SOIC-8_3.9x4.9mm_P1.27mm","1"
"U6","24LC64B","Package_TO_SOT_SMD:TSOT-23-5","1"
"U7","P3T1755","Package_SO:TSSOP-8_3x3mm_P0.65mm","1"
"U8","MAX3221","Package_SO:SSOP-16_5.3x6.2mm_P0.65mm","1"
"U9","FT230XS","Package_SO:SSOP-16_3.9x4.9mm_P0.635mm","1"
"U10","UBLOX_M8N_MODULE","Wills:UBLOX_M8N_MODULE","1"
"U11","TESEO-LIV4FTR","Wills:XCVR_TESEO-LIV4FTR","1"
"U12","LMV321","Package_TO_SOT_SMD:SOT-23-5","1"
"U13","LD1117S33TR","Package_TO_SOT_SMD:SOT-223","1"
"U14","LMV331","Package_TO_SOT_SMD:SOT-23-5","1"
"U15","ADCMP600","Package_TO_SOT_SMD:SOT-23-5","1"
"Y1","25MHz","Crystal:Crystal_SMD_2016-4Pin_2.0x1.6mm","1"
